PassengerId,Pclass,Sex,Age,SibSp,Parch,Fare,Embarked
892,3,1,34.5,0,0,7.8292,1
893,3,0,47.0,1,0,7.0,2
894,2,1,62.0,0,0,9.6875,1
895,3,1,27.0,0,0,8.6625,2
896,3,0,22.0,1,1,12.2875,2
897,3,1,14.0,0,0,9.225,2
898,3,0,30.0,0,0,7.6292,1
899,2,1,26.0,1,1,29.0,2
900,3,0,18.0,0,0,7.2292,0
901,3,1,21.0,2,0,24.15,2
902,3,1,27.0,0,0,7.8958,2
903,1,1,46.0,0,0,26.0,2
904,1,0,23.0,1,0,82.2667,2
905,2,1,63.0,1,0,26.0,2
906,1,0,47.0,1,0,61.175,2
907,2,0,24.0,1,0,27.7208,0
908,2,1,35.0,0,0,12.35,1
909,3,1,21.0,0,0,7.225,0
910,3,0,27.0,1,0,7.925,2
911,3,0,45.0,0,0,7.225,0
912,1,1,55.0,1,0,59.4,0
913,3,1,9.0,0,1,3.1708,2
914,1,0,27.0,0,0,31.6833,2
915,1,1,21.0,0,1,61.3792,0
916,1,0,48.0,1,3,262.375,0
917,3,1,50.0,1,0,14.5,2
918,1,0,22.0,0,1,61.9792,0
919,3,1,22.5,0,0,7.225,0
920,1,1,41.0,0,0,30.5,2
921,3,1,27.0,2,0,21.6792,0
922,2,1,50.0,1,0,26.0,2
923,2,1,24.0,2,0,31.5,2
924,3,0,33.0,1,2,20.575,2
925,3,0,27.0,1,2,23.45,2
926,1,1,30.0,1,0,57.75,0
927,3,1,18.5,0,0,7.2292,0
928,3,0,27.0,0,0,8.05,2
929,3,0,21.0,0,0,8.6625,2
930,3,1,25.0,0,0,9.5,2
931,3,1,27.0,0,0,56.4958,2
932,3,1,39.0,0,1,13.4167,0
933,1,1,27.0,0,0,26.55,2
934,3,1,41.0,0,0,7.85,2
935,2,0,30.0,0,0,13.0,2
936,1,0,45.0,1,0,52.5542,2
937,3,1,25.0,0,0,7.925,2
938,1,1,45.0,0,0,29.7,0
939,3,1,27.0,0,0,7.75,1
940,1,0,60.0,0,0,76.2917,0
941,3,0,36.0,0,2,15.9,2
942,1,1,24.0,1,0,60.0,2
943,2,1,27.0,0,0,15.0333,0
944,2,0,20.0,2,1,23.0,2
945,1,0,28.0,3,2,263.0,2
946,2,1,27.0,0,0,15.5792,0
947,3,1,10.0,4,1,29.125,1
948,3,1,35.0,0,0,7.8958,2
949,3,1,25.0,0,0,7.65,2
950,3,1,27.0,1,0,16.1,2
951,1,0,36.0,0,0,262.375,0
952,3,1,17.0,0,0,7.8958,2
953,2,1,32.0,0,0,13.5,2
954,3,1,18.0,0,0,7.75,2
955,3,0,22.0,0,0,7.725,1
956,1,1,13.0,2,2,262.375,0
957,2,0,27.0,0,0,21.0,2
958,3,0,18.0,0,0,7.8792,1
959,1,1,47.0,0,0,42.4,2
960,1,1,31.0,0,0,28.5375,0
961,1,0,60.0,1,4,263.0,2
962,3,0,24.0,0,0,7.75,1
963,3,1,21.0,0,0,7.8958,2
964,3,0,29.0,0,0,7.925,2
965,1,1,28.5,0,0,27.7208,0
966,1,0,35.0,0,0,211.5,0
967,1,1,32.5,0,0,211.5,0
968,3,1,27.0,0,0,8.05,2
969,1,0,55.0,2,0,25.7,2
970,2,1,30.0,0,0,13.0,2
971,3,0,24.0,0,0,7.75,1
972,3,1,6.0,1,1,15.2458,0
973,1,1,67.0,1,0,221.7792,2
974,1,1,49.0,0,0,26.0,2
975,3,1,27.0,0,0,7.8958,2
976,2,1,27.0,0,0,10.7083,1
977,3,1,27.0,1,0,14.4542,0
978,3,0,27.0,0,0,7.8792,1
979,3,0,18.0,0,0,8.05,2
980,3,0,27.0,0,0,7.75,1
981,2,1,2.0,1,1,23.0,2
982,3,0,22.0,1,0,13.9,2
983,3,1,27.0,0,0,7.775,2
984,1,0,27.0,1,2,52.0,2
985,3,1,27.0,0,0,8.05,2
986,1,1,25.0,0,0,26.0,0
987,3,1,25.0,0,0,7.7958,2
988,1,0,76.0,1,0,78.85,2
989,3,1,29.0,0,0,7.925,2
990,3,0,20.0,0,0,7.8542,2
991,3,1,33.0,0,0,8.05,2
992,1,0,43.0,1,0,55.4417,0
993,2,1,27.0,1,0,26.0,2
994,3,1,27.0,0,0,7.75,1
995,3,1,26.0,0,0,7.775,2
996,3,0,16.0,1,1,8.5167,0
997,3,1,28.0,0,0,22.525,2
998,3,1,21.0,0,0,7.8208,1
999,3,1,27.0,0,0,7.75,1
1000,3,1,27.0,0,0,8.7125,2
1001,2,1,18.5,0,0,13.0,2
1002,2,1,41.0,0,0,15.0458,0
1003,3,0,27.0,0,0,7.7792,1
1004,1,0,36.0,0,0,31.6792,0
1005,3,0,18.5,0,0,7.2833,1
1006,1,0,63.0,1,0,221.7792,2
1007,3,1,18.0,1,0,14.4542,0
1008,3,1,27.0,0,0,6.4375,0
1009,3,0,1.0,1,1,16.7,2
1010,1,1,36.0,0,0,75.2417,0
1011,2,0,29.0,1,0,26.0,2
1012,2,0,12.0,0,0,15.75,2
1013,3,1,27.0,1,0,7.75,1
1014,1,0,35.0,1,0,57.75,0
1015,3,1,28.0,0,0,7.25,2
1016,3,1,27.0,0,0,7.75,1
1017,3,0,17.0,0,1,16.1,2
1018,3,1,22.0,0,0,7.7958,2
1019,3,0,27.0,2,0,23.25,1
1020,2,1,42.0,0,0,13.0,2
1021,3,1,24.0,0,0,8.05,2
1022,3,1,32.0,0,0,8.05,2
1023,1,1,53.0,0,0,28.5,0
1024,3,0,27.0,0,4,25.4667,2
1025,3,1,27.0,1,0,6.4375,0
1026,3,1,43.0,0,0,7.8958,2
1027,3,1,24.0,0,0,7.8542,2
1028,3,1,26.5,0,0,7.225,0
1029,2,1,26.0,0,0,13.0,2
1030,3,0,23.0,0,0,8.05,2
1031,3,1,40.0,1,6,46.9,2
1032,3,0,10.0,5,2,46.9,2
1033,1,0,33.0,0,0,151.55,2
1034,1,1,61.0,1,3,262.375,0
1035,2,1,28.0,0,0,26.0,2
1036,1,1,42.0,0,0,26.55,2
1037,3,1,31.0,3,0,18.0,2
1038,1,1,27.0,0,0,51.8625,2
1039,3,1,22.0,0,0,8.05,2
1040,1,1,27.0,0,0,26.55,2
1041,2,1,30.0,1,1,26.0,2
1042,1,0,23.0,0,1,83.1583,0
1043,3,1,27.0,0,0,7.8958,0
1044,3,1,60.5,0,0,14.4542,2
1045,3,0,36.0,0,2,12.1833,2
1046,3,1,13.0,4,2,31.3875,2
1047,3,1,24.0,0,0,7.55,2
1048,1,0,29.0,0,0,221.7792,2
1049,3,0,23.0,0,0,7.8542,2
1050,1,1,42.0,0,0,26.55,2
1051,3,0,26.0,0,2,13.775,2
1052,3,0,27.0,0,0,7.7333,1
1053,3,1,7.0,1,1,15.2458,0
1054,2,0,26.0,0,0,13.5,2
1055,3,1,27.0,0,0,7.0,2
1056,2,1,41.0,0,0,13.0,2
1057,3,0,26.0,1,1,22.025,2
1058,1,1,48.0,0,0,50.4958,0
1059,3,1,18.0,2,2,34.375,2
1060,1,0,27.0,0,0,27.7208,0
1061,3,0,22.0,0,0,8.9625,2
1062,3,1,27.0,0,0,7.55,2
1063,3,1,27.0,0,0,7.225,0
1064,3,1,23.0,1,0,13.9,2
1065,3,1,27.0,0,0,7.2292,0
1066,3,1,40.0,1,5,31.3875,2
1067,2,0,15.0,0,2,39.0,2
1068,2,0,20.0,0,0,36.75,2
1069,1,1,54.0,1,0,55.4417,0
1070,2,0,36.0,0,3,39.0,2
1071,1,0,64.0,0,2,83.1583,0
1072,2,1,30.0,0,0,13.0,2
1073,1,1,37.0,1,1,83.1583,0
1074,1,0,18.0,1,0,53.1,2
1075,3,1,27.0,0,0,7.75,1
1076,1,0,27.0,1,1,247.5208,0
1077,2,1,40.0,0,0,16.0,2
1078,2,0,21.0,0,1,21.0,2
1079,3,1,17.0,2,0,8.05,2
1080,3,0,27.0,8,2,69.55,2
1081,2,1,40.0,0,0,13.0,2
1082,2,1,34.0,1,0,26.0,2
1083,1,1,27.0,0,0,26.0,2
1084,3,1,11.5,1,1,14.5,2
1085,2,1,61.0,0,0,12.35,1
1086,2,1,8.0,0,2,32.5,2
1087,3,1,33.0,0,0,7.8542,2
1088,1,1,6.0,0,2,134.5,0
1089,3,0,18.0,0,0,7.775,2
1090,2,1,23.0,0,0,10.5,2
1091,3,0,27.0,0,0,8.1125,2
1092,3,0,27.0,0,0,15.5,1
1093,3,1,0.33,0,2,14.4,2
1094,1,1,47.0,1,0,227.525,0
1095,2,0,8.0,1,1,26.0,2
1096,2,1,25.0,0,0,10.5,2
1097,1,1,27.0,0,0,25.7417,0
1098,3,0,35.0,0,0,7.75,1
1099,2,1,24.0,0,0,10.5,2
1100,1,0,33.0,0,0,27.7208,0
1101,3,1,25.0,0,0,7.8958,2
1102,3,1,32.0,0,0,22.525,2
1103,3,1,27.0,0,0,7.05,2
1104,2,1,17.0,0,0,73.5,2
1105,2,0,60.0,1,0,26.0,2
1106,3,0,38.0,4,2,7.775,2
1107,1,1,42.0,0,0,42.5,2
1108,3,0,27.0,0,0,7.8792,1
1109,1,1,57.0,1,1,164.8667,2
1110,1,0,50.0,1,1,211.5,0
1111,3,1,27.0,0,0,8.05,2
1112,2,0,30.0,1,0,13.8583,0
1113,3,1,21.0,0,0,8.05,2
1114,2,0,22.0,0,0,10.5,2
1115,3,1,21.0,0,0,7.7958,2
1116,1,0,53.0,0,0,27.4458,0
1117,3,0,27.0,0,2,15.2458,0
1118,3,1,23.0,0,0,7.7958,2
1119,3,0,27.0,0,0,7.75,1
1120,3,1,40.5,0,0,15.1,2
1121,2,1,36.0,0,0,13.0,2
1122,2,1,14.0,0,0,65.0,2
1123,1,0,21.0,0,0,26.55,2
1124,3,1,21.0,1,0,6.4958,2
1125,3,1,27.0,0,0,7.8792,1
1126,1,1,39.0,1,0,71.2833,0
1127,3,1,20.0,0,0,7.8542,2
1128,1,1,64.0,1,0,75.25,0
1129,3,1,20.0,0,0,7.225,0
1130,2,0,18.0,1,1,13.0,2
1131,1,0,48.0,1,0,106.425,0
1132,1,0,55.0,0,0,27.7208,0
1133,2,0,45.0,0,2,30.0,2
1134,1,1,45.0,1,1,134.5,0
1135,3,1,27.0,0,0,7.8875,2
1136,3,1,27.0,1,2,23.45,2
1137,1,1,41.0,1,0,51.8625,2
1138,2,0,22.0,0,0,21.0,2
1139,2,1,42.0,1,1,32.5,2
1140,2,0,29.0,1,0,26.0,2
1141,3,0,27.0,1,0,14.4542,0
1142,2,0,0.92,1,2,27.75,2
1143,3,1,20.0,0,0,7.925,2
1144,1,1,27.0,1,0,136.7792,0
1145,3,1,24.0,0,0,9.325,2
1146,3,1,32.5,0,0,9.5,2
1147,3,1,27.0,0,0,7.55,2
1148,3,1,27.0,0,0,7.75,1
1149,3,1,28.0,0,0,8.05,2
1150,2,0,19.0,0,0,13.0,2
1151,3,1,21.0,0,0,7.775,2
1152,3,1,36.5,1,0,17.4,2
1153,3,1,21.0,0,0,7.8542,2
1154,2,0,29.0,0,2,23.0,2
1155,3,0,1.0,1,1,12.1833,2
1156,2,1,30.0,0,0,12.7375,0
1157,3,1,27.0,0,0,7.8958,2
1158,1,1,27.0,0,0,0.0,2
1159,3,1,27.0,0,0,7.55,2
1160,3,0,27.0,0,0,8.05,2
1161,3,1,17.0,0,0,8.6625,2
1162,1,1,46.0,0,0,75.2417,0
1163,3,1,27.0,0,0,7.75,1
1164,1,0,26.0,1,0,136.7792,0
1165,3,0,27.0,1,0,15.5,1
1166,3,1,27.0,0,0,7.225,0
1167,2,0,20.0,1,0,26.0,2
1168,2,1,28.0,0,0,10.5,2
1169,2,1,40.0,1,0,26.0,2
1170,2,1,30.0,1,0,21.0,2
1171,2,1,22.0,0,0,10.5,2
1172,3,0,23.0,0,0,8.6625,2
1173,3,1,0.75,1,1,13.775,2
1174,3,0,27.0,0,0,7.75,1
1175,3,0,9.0,1,1,15.2458,0
1176,3,0,2.0,1,1,20.2125,2
1177,3,1,36.0,0,0,7.25,2
1178,3,1,27.0,0,0,7.25,2
1179,1,1,24.0,1,0,82.2667,2
1180,3,1,27.0,0,0,7.2292,0
1181,3,1,27.0,0,0,8.05,2
1182,1,1,27.0,0,0,39.6,2
1183,3,0,30.0,0,0,6.95,1
1184,3,1,27.0,0,0,7.2292,0
1185,1,1,53.0,1,1,81.8583,2
1186,3,1,36.0,0,0,9.5,2
1187,3,1,26.0,0,0,7.8958,2
1188,2,0,1.0,1,2,41.5792,0
1189,3,1,27.0,2,0,21.6792,0
1190,1,1,30.0,0,0,45.5,2
1191,3,1,29.0,0,0,7.8542,2
1192,3,1,32.0,0,0,7.775,2
1193,2,1,27.0,0,0,15.0458,0
1194,2,1,43.0,0,1,21.0,2
1195,3,1,24.0,0,0,8.6625,2
1196,3,0,27.0,0,0,7.75,1
1197,1,0,64.0,1,1,26.55,2
1198,1,1,30.0,1,2,151.55,2
1199,3,1,0.83,0,1,9.35,2
1200,1,1,55.0,1,1,93.5,2
1201,3,0,45.0,1,0,14.1083,2
1202,3,1,18.0,0,0,8.6625,2
1203,3,1,22.0,0,0,7.225,0
1204,3,1,27.0,0,0,7.575,2
1205,3,0,37.0,0,0,7.75,1
1206,1,0,55.0,0,0,135.6333,0
1207,3,0,17.0,0,0,7.7333,1
1208,1,1,57.0,1,0,146.5208,0
1209,2,1,19.0,0,0,10.5,2
1210,3,1,27.0,0,0,7.8542,2
1211,2,1,22.0,2,0,31.5,2
1212,3,1,26.0,0,0,7.775,2
1213,3,1,25.0,0,0,7.2292,0
1214,2,1,26.0,0,0,13.0,2
1215,1,1,33.0,0,0,26.55,2
1216,1,0,39.0,0,0,211.3375,2
1217,3,1,23.0,0,0,7.05,2
1218,2,0,12.0,2,1,39.0,2
1219,1,1,46.0,0,0,79.2,0
1220,2,1,29.0,1,0,26.0,2
1221,2,1,21.0,0,0,13.0,2
1222,2,0,48.0,0,2,36.75,2
1223,1,1,39.0,0,0,29.7,0
1224,3,1,27.0,0,0,7.225,0
1225,3,0,19.0,1,1,15.7417,0
1226,3,1,27.0,0,0,7.8958,2
1227,1,1,30.0,0,0,26.0,2
1228,2,1,32.0,0,0,13.0,2
1229,3,1,39.0,0,2,7.2292,0
1230,2,1,25.0,0,0,31.5,2
1231,3,1,27.0,0,0,7.2292,0
1232,2,1,18.0,0,0,10.5,2
1233,3,1,32.0,0,0,7.5792,2
1234,3,1,27.0,1,9,69.55,2
1235,1,0,58.0,0,1,512.3292,0
1236,3,1,27.0,1,1,14.5,2
1237,3,0,16.0,0,0,7.65,2
1238,2,1,26.0,0,0,13.0,2
1239,3,0,38.0,0,0,7.2292,0
1240,2,1,24.0,0,0,13.5,2
1241,2,0,31.0,0,0,21.0,2
1242,1,0,45.0,0,1,63.3583,0
1243,2,1,25.0,0,0,10.5,2
1244,2,1,18.0,0,0,73.5,2
1245,2,1,49.0,1,2,65.0,2
1246,3,0,0.17,1,2,20.575,2
1247,1,1,50.0,0,0,26.0,2
1248,1,0,59.0,2,0,51.4792,2
1249,3,1,27.0,0,0,7.8792,2
1250,3,1,27.0,0,0,7.75,1
1251,3,0,30.0,1,0,15.55,2
1252,3,1,14.5,8,2,69.55,2
1253,2,0,24.0,1,1,37.0042,0
1254,2,0,31.0,0,0,21.0,2
1255,3,1,27.0,0,0,8.6625,2
1256,1,0,25.0,1,0,55.4417,0
1257,3,0,27.0,1,9,69.55,2
1258,3,1,27.0,1,0,14.4583,0
1259,3,0,22.0,0,0,39.6875,2
1260,1,0,45.0,0,1,59.4,0
1261,2,1,29.0,0,0,13.8583,0
1262,2,1,21.0,1,0,11.5,2
1263,1,0,31.0,0,0,134.5,0
1264,1,1,49.0,0,0,0.0,2
1265,2,1,44.0,0,0,13.0,2
1266,1,0,54.0,1,1,81.8583,2
1267,1,0,45.0,0,0,262.375,0
1268,3,0,22.0,2,0,8.6625,2
1269,2,1,21.0,0,0,11.5,2
1270,1,1,55.0,0,0,50.0,2
1271,3,1,5.0,4,2,31.3875,2
1272,3,1,27.0,0,0,7.75,1
1273,3,1,26.0,0,0,7.8792,1
1274,3,0,27.0,0,0,14.5,2
1275,3,0,19.0,1,0,16.1,2
1276,2,1,27.0,0,0,12.875,2
1277,2,0,24.0,1,2,65.0,2
1278,3,1,24.0,0,0,7.775,2
1279,2,1,57.0,0,0,13.0,2
1280,3,1,21.0,0,0,7.75,1
1281,3,1,6.0,3,1,21.075,2
1282,1,1,23.0,0,0,93.5,2
1283,1,0,51.0,0,1,39.4,2
1284,3,1,13.0,0,2,20.25,2
1285,2,1,47.0,0,0,10.5,2
1286,3,1,29.0,3,1,22.025,2
1287,1,0,18.0,1,0,60.0,2
1288,3,1,24.0,0,0,7.25,1
1289,1,0,48.0,1,1,79.2,0
1290,3,1,22.0,0,0,7.775,2
1291,3,1,31.0,0,0,7.7333,1
1292,1,0,30.0,0,0,164.8667,2
1293,2,1,38.0,1,0,21.0,2
1294,1,0,22.0,0,1,59.4,0
1295,1,1,17.0,0,0,47.1,2
1296,1,1,43.0,1,0,27.7208,0
1297,2,1,20.0,0,0,13.8625,0
1298,2,1,23.0,1,0,10.5,2
1299,1,1,50.0,1,1,211.5,0
1300,3,0,27.0,0,0,7.7208,1
1301,3,0,3.0,1,1,13.775,2
1302,3,0,27.0,0,0,7.75,1
1303,1,0,37.0,1,0,90.0,1
1304,3,0,28.0,0,0,7.775,2
1305,3,1,27.0,0,0,8.05,2
1306,1,0,39.0,0,0,108.9,0
1307,3,1,38.5,0,0,7.25,2
1308,3,1,27.0,0,0,8.05,2
1309,3,1,27.0,1,1,22.3583,0
